language,content
en,"Our store is open Monday to Friday from 9am to 6pm. On Saturdays we are open from 10am to 2pm. We are closed on Sundays and public holidays. Our store is located at Avenida Principal 123, local 4, in the city center. Free customer parking is available behind the building."
en,"We accept credit cards, debit cards, and bank transfers. We do not accept cash payments. Members of our loyalty program earn 1 point for every dollar spent. Wholesale and bulk orders qualify for special pricing. We match the price of any identical product sold by a competitor."
en,"Shipping is free on orders over 50 dollars. Standard shipping takes 3 to 5 business days. Express shipping is available for an extra fee and arrives in 1 to 2 business days. We ship internationally to most countries within 7 to 14 business days. You can track your order using the link sent to your email after purchase."
en,"We offer a 30-day return warranty on all products. Returns require the original receipt. All electronics include a one-year manufacturer warranty. New subscribers to our newsletter receive a 10 percent discount on their first order. We sell gift cards in denominations of 25, 50, and 100 dollars."
en,"You can reach our support team by phone at 555-0123. Our customer service email is support@demostore.com. You can browse our full catalog at www.demostore.com. Customer support is available Monday to Friday from 8am to 8pm. Follow us on social media for weekly promotions and discount codes."
es,"Nuestra tienda abre de lunes a viernes de 9am a 6pm. Los sábados abrimos de 10am a 2pm. Cerramos los domingos y días festivos. Nuestra tienda está ubicada en Avenida Principal 123, local 4, en el centro de la ciudad. Hay estacionamiento gratuito para clientes detrás del edificio."
es,"Aceptamos tarjetas de crédito, tarjetas de débito y transferencias bancarias. No aceptamos pagos en efectivo. Los miembros de nuestro programa de lealtad ganan 1 punto por cada dólar gastado. Los pedidos al por mayor y en grandes cantidades califican para precios especiales. Igualamos el precio de cualquier producto idéntico vendido por un competidor."
es,"El envío es gratis en compras mayores a 50 dólares. El envío estándar tarda de 3 a 5 días hábiles. El envío exprés está disponible por un costo adicional y llega en 1 a 2 días hábiles. Realizamos envíos internacionales a la mayoría de los países en 7 a 14 días hábiles. Puede rastrear su pedido con el enlace enviado a su correo después de la compra."
es,"Ofrecemos una garantía de devolución de 30 días en todos los productos. Las devoluciones requieren el recibo original. Todos los productos electrónicos incluyen un año de garantía del fabricante. Los nuevos suscriptores a nuestro boletín reciben un 10 por ciento de descuento en su primer pedido. Vendemos tarjetas de regalo en denominaciones de 25, 50 y 100 dólares."
es,"Puede comunicarse con nuestro equipo de soporte por teléfono al 555-0123. Nuestro correo de atención al cliente es support@demostore.com. Puede ver nuestro catálogo completo en www.demostore.com. La atención al cliente está disponible de lunes a viernes de 8am a 8pm. Síguenos en redes sociales para promociones semanales y códigos de descuento."
fr,"Notre magasin est ouvert du lundi au vendredi de 9h à 18h. Le samedi, nous sommes ouverts de 10h à 14h. Nous sommes fermés le dimanche et les jours fériés. Notre magasin est situé au Avenida Principal 123, local 4, dans le centre-ville. Un stationnement gratuit pour les clients est disponible derrière le bâtiment."
fr,"Nous acceptons les cartes de crédit, les cartes de débit et les virements bancaires. Nous n'acceptons pas les paiements en espèces. Les membres de notre programme de fidélité gagnent 1 point pour chaque dollar dépensé. Les commandes en gros et en grande quantité bénéficient de tarifs spéciaux. Nous alignons le prix de tout produit identique vendu par un concurrent."
fr,"La livraison est gratuite pour les commandes de plus de 50 dollars. La livraison standard prend de 3 à 5 jours ouvrables. La livraison express est disponible moyennant des frais supplémentaires et arrive en 1 à 2 jours ouvrables. Nous expédions à l'international vers la plupart des pays en 7 à 14 jours ouvrables. Vous pouvez suivre votre commande à l'aide du lien envoyé à votre e-mail après l'achat."
fr,"Nous offrons une garantie de retour de 30 jours sur tous les produits. Les retours nécessitent le reçu original. Tous les appareils électroniques incluent une garantie fabricant d'un an. Les nouveaux abonnés à notre infolettre reçoivent une réduction de 10 pour cent sur leur première commande. Nous vendons des cartes-cadeaux en coupures de 25, 50 et 100 dollars."
fr,"Vous pouvez joindre notre équipe d'assistance par téléphone au 555-0123. Notre adresse e-mail du service client est support@demostore.com. Vous pouvez consulter notre catalogue complet sur www.demostore.com. Le service client est disponible du lundi au vendredi de 8h à 20h. Suivez-nous sur les réseaux sociaux pour des promotions hebdomadaires et des codes de réduction."
